{"stats":{"minecraft:picked_up":{"minecraft:poppy":1,"minecraft:chest":1,"minecraft:wheat_seeds":1},"minecraft:used":{"minecraft:golden_axe":1},"minecraft:mined":{"minecraft:grass":8,"minecraft:poppy":1,"minecraft:chest":1},"minecraft:custom":{"minecraft:jump":62,"minecraft:open_chest":1,"minecraft:time_since_rest":2104,"minecraft:leave_game":1,"minecraft:sprint_one_cm":8452,"minecraft:play_time":2104,"minecraft:time_since_death":2104,"minecraft:walk_one_cm":3854,"minecraft:total_world_time":2104,"minecraft:fall_one_cm":2986,"minecraft:fly_one_cm":16278}},"DataVersion":3465}